,mean_score,mean_score,max_score,max_score,n_success,n_success,coverage,coverage,refusal_rate,refusal_rate,share_mutate,share_mutate,share_explore,share_explore,share_similar,share_similar,first_success_iter,first_success_iter
,mean,std,mean,std,mean,std,mean,std,mean,std,mean,std,mean,std,mean,std,mean,std
arm,,,,,,,,,,,,,,,,,,
Baseline,28.872106021885408,6.174135196533809,63.33395053791094,20.49724810573903,0.6,1.3416407864998738,0.4,0.894427190999916,0.6928571428571428,0.14854738816489588,0.15714285714285714,0.040720550896397784,0.5571428571428572,0.12525484226250133,0.2857142857142857,0.10101525445522108,1.0,
Act=uniform,27.42166554042111,3.9758182710203998,56.1265848886081,3.9369419511700756,0.0,0.0,0.0,0.0,0.7,0.15485345277627716,0.3142857142857143,0.09244413646817705,0.41428571428571426,0.07405871911902757,0.27142857142857146,0.1028918592206281,,
Act=Jev,31.601009384226234,6.115829033731892,63.319034111732506,21.88854079618079,1.0,1.7320508075688772,0.2,0.4472135954999579,0.65,0.14151151968684966,0.2571428571428571,0.14151151968684964,0.3071428571428571,0.07405871911902757,0.43571428571428567,0.12216165268919332,0.0,0.0
Mut=Jev,28.121033871241753,3.2692655804635975,54.28350104015309,0.12920832731068974,0.0,0.0,0.0,0.0,0.7,0.10289185922062809,0.12142857142857141,0.054163396028939645,0.5571428571428572,0.14196147795965566,0.32142857142857145,0.13599594831899836,,
Fit=Jev*,34.88641995890735,5.859537601877094,68.72046558780627,20.80675888613108,0.8,1.3038404810405297,0.2,0.447213595499958,0.4928571428571429,0.11406228159050934,0.17857142857142855,0.0668153104781061,0.4428571428571429,0.11736911946539273,0.37857142857142856,0.08222046023729528,2.0,1.4142135623730951
Cov baseline,27.07623834874397,1.6729907871203387,54.232458000597504,0.1832295340837052,0.0,0.0,0.0,0.0,0.7142857142857143,0.05050762722761051,0.11428571428571428,0.04656573146573321,0.7071428571428571,0.029880715233359834,0.17857142857142855,0.056469243931578206,,
Cov + Act=Jev,27.390633494535887,3.0777759532943767,54.342924506917925,0.596939779022427,0.0,0.0,0.0,0.0,0.7285714285714286,0.09974457174120673,0.07857142857142857,0.0686978002202548,0.6357142857142857,0.03912303982179763,0.2857142857142857,0.04374088826398533,,
Cov + Mut=Jev,28.070030564094402,2.9525448398605674,63.7366027007818,20.274810192822425,0.2,0.4472135954999579,0.2,0.4472135954999579,0.7071428571428571,0.0991031208965115,0.12857142857142856,0.06487822187351767,0.7,0.040720550896397756,0.17142857142857143,0.058684559732696366,5.0,
