arm,seed,n_clusters,cluster_entropy,n_clusters_exact
Act=Jev,1,7.0,2.26149018937388,7.0
Act=Jev,2,12.0,2.815410725242699,10.0
Act=Jev,3,7.0,2.3943719645812753,7.0
Act=Jev,4,12.0,3.0836169753972325,8.0
Act=Jev,5,7.0,2.317882341364265,7.0
Act=uniform,1,12.0,3.1179631753145163,10.0
Act=uniform,2,12.0,3.0836169753972325,10.0
Act=uniform,3,9.0,2.7813172094432983,9.0
Act=uniform,4,10.0,2.8468601724297082,9.0
Act=uniform,5,13.0,3.556656707462823,11.0
Baseline,1,16.0,3.797902689682947,15.0
Baseline,2,12.0,2.876863929021523,11.0
Baseline,3,10.0,3.1820058147602133,10.0
Baseline,4,11.0,2.815410725242699,10.0
Baseline,5,13.0,3.41379956460568,12.0
Cov + Act=Jev,1,11.0,3.2063220140822315,11.0
Cov + Act=Jev,2,13.0,3.383272672738775,13.0
Cov + Act=Jev,3,12.0,3.2083942101587835,12.0
Cov + Act=Jev,4,12.0,3.1944527985315267,11.0
Cov + Act=Jev,5,12.0,3.2658813699600984,12.0
Cov + Mut=Jev,1,16.0,3.8073549220576037,15.0
Cov + Mut=Jev,2,13.0,3.4407598325400897,13.0
Cov + Mut=Jev,3,12.0,3.2928416378945076,12.0
Cov + Mut=Jev,4,14.0,3.628085278891394,14.0
Cov + Mut=Jev,5,12.0,3.284883833375794,12.0
Cov baseline,1,15.0,3.7359263506290326,15.0
Cov baseline,2,13.0,3.4852281360342516,13.0
Cov baseline,3,12.0,3.2658813699600984,12.0
Cov baseline,4,14.0,3.610577243331642,14.0
Cov baseline,5,13.0,3.41379956460568,12.0
Fit=Jev*,1,12.0,3.1186330465167367,11.0
Fit=Jev*,2,8.0,2.013006500506917,7.0
Fit=Jev*,3,10.0,3.1514789228933084,10.0
Fit=Jev*,4,13.0,3.019721071878666,11.0
Fit=Jev*,5,12.0,3.3154107252426988,11.0
Mut=Jev,1,16.0,3.797902689682947,15.0
Mut=Jev,2,13.0,3.3563124048043655,13.0
Mut=Jev,3,10.0,3.051595655674384,10.0
Mut=Jev,4,8.0,2.3278577090140122,8.0
Mut=Jev,5,11.0,3.012188403968661,10.0
