metric,rq,treatment,control,treat_mean,ctrl_mean,diff,diff_ci_lo,diff_ci_hi,p_perm,cliffs_delta,p_holm
n_clusters,RQ1,Act=Jev,Baseline,9.0,12.4,-3.4000000000000004,-6.199999999999999,-0.5999999999999996,0.09523809523809523,-0.6,0.6666666666666666
n_clusters,RQ1,Act=uniform,Baseline,11.2,12.4,-1.200000000000001,-3.5999999999999996,0.8000000000000007,0.48412698412698413,-0.28,1.0
n_clusters,RQ1,Act=Jev,Act=uniform,9.0,11.2,-2.1999999999999993,-4.6,0.40000000000000036,0.23015873015873015,-0.52,1.0
n_clusters,RQ1-cov,Cov + Act=Jev,Cov baseline,12.0,13.4,-1.4000000000000004,-2.4000000000000004,-0.40000000000000036,0.10317460317460317,-0.72,0.6666666666666666
n_clusters,RQ3,Mut=Jev,Baseline,11.6,12.4,-0.8000000000000007,-3.799999999999999,2.1999999999999993,0.7380952380952381,-0.2,1.0
n_clusters,RQ3-cov,Cov + Mut=Jev,Cov baseline,13.4,13.4,0.0,-1.5999999999999996,1.5999999999999996,1.0,-0.08,1.0
n_clusters,Objective,Cov baseline,Baseline,13.4,12.4,1.0,-1.1999999999999993,2.8000000000000007,0.5079365079365079,0.4,1.0
cluster_entropy,RQ1,Act=Jev,Baseline,2.5745544391918704,3.2171965446626123,-0.6426421054707419,-1.0724756830523443,-0.2249555965821366,0.03968253968253968,-0.8,0.23809523809523808
cluster_entropy,RQ1,Act=uniform,Baseline,3.0772828480095153,3.2171965446626123,-0.13991369665309694,-0.5394060118926214,0.2531075102466003,0.5396825396825397,-0.28,1.0
cluster_entropy,RQ1,Act=Jev,Act=uniform,2.5745544391918704,3.0772828480095153,-0.5027284088176449,-0.8680983058696993,-0.13399537656719973,0.05555555555555555,-0.72,0.2777777777777778
cluster_entropy,RQ1-cov,Cov + Act=Jev,Cov baseline,3.2516646130942832,3.502282532912141,-0.25061791981785797,-0.4055025422999068,-0.09417920561807142,0.023809523809523808,-0.88,0.16666666666666666
cluster_entropy,RQ3,Mut=Jev,Baseline,3.109171372628874,3.2171965446626123,-0.1080251720337384,-0.647080643070788,0.3975179125554974,0.7619047619047619,-0.08,1.0
cluster_entropy,RQ3-cov,Cov + Mut=Jev,Cov baseline,3.4907851009518778,3.502282532912141,-0.011497431960263427,-0.23640768458308298,0.2184832166699445,0.9523809523809523,0.04,1.0
cluster_entropy,Objective,Cov baseline,Baseline,3.502282532912141,3.2171965446626123,0.2850859882495289,-0.0823616265997629,0.6129660529853055,0.18253968253968253,0.48,0.7301587301587301
n_clusters_exact,RQ1,Act=Jev,Baseline,7.8,11.6,-3.8,-5.800000000000001,-2.0,0.023809523809523808,-0.92,0.16666666666666666
n_clusters_exact,RQ1,Act=uniform,Baseline,9.8,11.6,-1.799999999999999,-3.799999999999999,-0.20000000000000107,0.14285714285714285,-0.64,0.7142857142857142
n_clusters_exact,RQ1,Act=Jev,Act=uniform,7.8,9.8,-2.000000000000001,-3.1999999999999993,-0.7999999999999989,0.047619047619047616,-0.76,0.2857142857142857
n_clusters_exact,RQ1-cov,Cov + Act=Jev,Cov baseline,11.8,13.2,-1.3999999999999986,-2.5999999999999996,-0.1999999999999993,0.14285714285714285,-0.64,0.7142857142857142
n_clusters_exact,RQ3,Mut=Jev,Baseline,11.2,11.6,-0.40000000000000036,-3.1999999999999993,2.3999999999999986,0.9365079365079365,-0.16,1.0
n_clusters_exact,RQ3-cov,Cov + Mut=Jev,Cov baseline,13.2,13.2,0.0,-1.4000000000000004,1.4000000000000004,1.0,0.0,1.0
n_clusters_exact,Objective,Cov baseline,Baseline,13.2,11.6,1.5999999999999996,-0.40000000000000036,3.4000000000000004,0.24603174603174602,0.56,0.738095238095238
