metric,rq,treatment,control,n_treat,n_ctrl,treat_mean,ctrl_mean,diff,diff_ci_lo,diff_ci_hi,p_perm,cliffs_delta,p_holm
mean_score,RQ1,Act=Jev,Baseline,5,5,31.601009384226234,28.872106021885408,2.7289033623408265,-4.185183851960982,9.313190290810581,0.5,0.28,1.0
mean_score,RQ1,Act=uniform,Baseline,5,5,27.421665540421106,28.872106021885408,-1.4504404814643017,-7.46694621783012,3.9191703844636794,0.6825396825396826,-0.12,1.0
mean_score,RQ1,Act=Jev,Act=uniform,5,5,31.601009384226234,27.421665540421106,4.179343843805128,-1.6066192734788518,9.712625115546953,0.2222222222222222,0.52,1.0
mean_score,RQ1-cov,Cov + Act=Jev,Cov baseline,5,5,27.390633494535887,27.07623834874397,0.3143951457919165,-2.595085158266887,2.7584621741595625,0.8650793650793651,0.2,1.0
mean_score,RQ3,Mut=Jev,Baseline,5,5,28.121033871241753,28.872106021885408,-0.7510721506436546,-6.407326735749776,4.430146843171238,0.8333333333333334,0.04,1.0
mean_score,RQ3-cov,Cov + Mut=Jev,Cov baseline,5,5,28.070030564094402,27.07623834874397,0.9937922153504317,-1.5826703711503796,3.6650849360727906,0.5634920634920635,0.12,1.0
mean_score,Objective,Cov baseline,Baseline,5,5,27.07623834874397,28.872106021885408,-1.7958676731414371,-7.091419617106349,2.9150118846082336,0.5873015873015873,-0.12,1.0
max_score,RQ1,Act=Jev,Baseline,5,5,63.319034111732506,63.33395053791094,-0.014916426178430697,-25.093863732162,21.779998049933184,1.0,-0.2,1.0
max_score,RQ1,Act=uniform,Baseline,5,5,56.126584888608114,63.33395053791094,-7.207365649302822,-25.805366028389937,3.91579085413872,0.8809523809523809,0.12,1.0
max_score,RQ1,Act=Jev,Act=uniform,5,5,63.319034111732506,56.126584888608114,7.192449223124392,-8.995656632134295,24.148602654607288,0.5634920634920635,0.0,1.0
max_score,RQ1-cov,Cov + Act=Jev,Cov baseline,5,5,54.34292450691794,54.232458000597504,0.11046650632043509,-0.4177895820992889,0.5585026780168157,0.7142857142857143,0.44,1.0
max_score,RQ3,Mut=Jev,Baseline,5,5,54.28350104015309,63.33395053791094,-9.050449497757846,-27.413026224513672,0.21973474722310615,0.9206349206349206,0.2,1.0
max_score,RQ3-cov,Cov + Mut=Jev,Cov baseline,5,5,63.7366027007818,54.232458000597504,9.504144700184298,0.1826231642354184,27.667753043961113,0.07142857142857142,0.72,0.5
max_score,Objective,Cov baseline,Baseline,5,5,54.232458000597504,63.33395053791094,-9.101492537313433,-27.465377497237995,0.20097532141273433,0.7857142857142857,-0.04,1.0
n_success,RQ1,Act=Jev,Baseline,5,5,1.0,0.6,0.4,-1.2,2.0,0.7222222222222222,0.2,1.0
n_success,RQ1,Act=uniform,Baseline,5,5,0.0,0.6,-0.6,-1.8,0.0,1.0,-0.2,1.0
n_success,RQ1,Act=Jev,Act=uniform,5,5,1.0,0.0,1.0,0.0,2.4,0.4444444444444444,0.4,1.0
n_success,RQ1-cov,Cov + Act=Jev,Cov baseline,5,5,0.0,0.0,0.0,0.0,0.0,1.0,0.0,1.0
n_success,RQ3,Mut=Jev,Baseline,5,5,0.0,0.6,-0.6,-1.8,0.0,1.0,-0.2,1.0
n_success,RQ3-cov,Cov + Mut=Jev,Cov baseline,5,5,0.2,0.0,0.2,0.0,0.6,1.0,0.2,1.0
n_success,Objective,Cov baseline,Baseline,5,5,0.0,0.6,-0.6,-1.8,0.0,1.0,-0.2,1.0
coverage,RQ1,Act=Jev,Baseline,5,5,0.2,0.4,-0.2,-1.0,0.4,1.0,-0.04,1.0
coverage,RQ1,Act=uniform,Baseline,5,5,0.0,0.4,-0.4,-1.2,0.0,1.0,-0.2,1.0
coverage,RQ1,Act=Jev,Act=uniform,5,5,0.2,0.0,0.2,0.0,0.6,1.0,0.2,1.0
coverage,RQ1-cov,Cov + Act=Jev,Cov baseline,5,5,0.0,0.0,0.0,0.0,0.0,1.0,0.0,1.0
coverage,RQ3,Mut=Jev,Baseline,5,5,0.0,0.4,-0.4,-1.2,0.0,1.0,-0.2,1.0
coverage,RQ3-cov,Cov + Mut=Jev,Cov baseline,5,5,0.2,0.0,0.2,0.0,0.6,1.0,0.2,1.0
coverage,Objective,Cov baseline,Baseline,5,5,0.0,0.4,-0.4,-1.2,0.0,1.0,-0.2,1.0
refusal_rate,RQ1,Act=Jev,Baseline,5,5,0.6499999999999999,0.6928571428571428,-0.04285714285714293,-0.19285714285714295,0.12857142857142856,0.7380952380952381,-0.16,1.0
refusal_rate,RQ1,Act=uniform,Baseline,5,5,0.7,0.6928571428571428,0.0071428571428571175,-0.15714285714285714,0.17857142857142871,1.0,-0.04,1.0
refusal_rate,RQ1,Act=Jev,Act=uniform,5,5,0.6499999999999999,0.7,-0.050000000000000044,-0.2142857142857143,0.12142857142857144,0.6825396825396826,-0.24,1.0
refusal_rate,RQ1-cov,Cov + Act=Jev,Cov baseline,5,5,0.7285714285714286,0.7142857142857142,0.014285714285714457,-0.06428571428571428,0.1071428571428571,0.9603174603174603,-0.08,1.0
refusal_rate,RQ3,Mut=Jev,Baseline,5,5,0.7,0.6928571428571428,0.0071428571428571175,-0.12857142857142867,0.1499999999999999,1.0,-0.04,1.0
refusal_rate,RQ3-cov,Cov + Mut=Jev,Cov baseline,5,5,0.7071428571428571,0.7142857142857142,-0.0071428571428571175,-0.09285714285714308,0.0785714285714284,1.0,0.0,1.0
refusal_rate,Objective,Cov baseline,Baseline,5,5,0.7142857142857142,0.6928571428571428,0.021428571428571352,-0.09999999999999998,0.14285714285714302,0.8571428571428571,0.08,1.0
share_mutate,RQ1,Act=Jev,Baseline,5,5,0.2571428571428571,0.1571428571428571,0.1,0.007142857142857117,0.22857142857142856,0.16666666666666666,0.6,1.0
share_mutate,RQ1,Act=uniform,Baseline,5,5,0.3142857142857142,0.1571428571428571,0.1571428571428571,0.07857142857142857,0.23571428571428574,0.015873015873015872,0.96,0.1111111111111111
share_mutate,RQ1,Act=Jev,Act=uniform,5,5,0.2571428571428571,0.3142857142857142,-0.057142857142857106,-0.17857142857142855,0.08571428571428569,0.5317460317460317,-0.44,1.0
share_mutate,RQ1-cov,Cov + Act=Jev,Cov baseline,5,5,0.07857142857142857,0.11428571428571428,-0.03571428571428571,-0.09999999999999999,0.028571428571428595,0.4603174603174603,-0.36,1.0
share_mutate,RQ3,Mut=Jev,Baseline,5,5,0.12142857142857144,0.1571428571428571,-0.03571428571428567,-0.09285714285714285,0.01428571428571429,0.4126984126984127,-0.36,1.0
share_mutate,RQ3-cov,Cov + Mut=Jev,Cov baseline,5,5,0.12857142857142856,0.11428571428571428,0.014285714285714277,-0.04999999999999999,0.07857142857142856,0.9206349206349206,0.12,1.0
share_mutate,Objective,Cov baseline,Baseline,5,5,0.11428571428571428,0.1571428571428571,-0.04285714285714283,-0.09285714285714287,0.0,0.2777777777777778,-0.48,1.0
