metric,treatment,control,treat_mean,ctrl_mean,diff,ci_lo,ci_hi,p_perm,cliffs_delta,p_holm
mean_score,Act=Muse,Baseline,33.505981347281406,28.872106021885408,4.633875325395998,-1.0910391500915542,10.144734438705665,0.20634920634920634,0.44,1.0
mean_score,Act=Muse,Act=Jev,33.505981347281406,31.601009384226234,1.9049719630551714,-3.483925480450764,7.771463556340267,0.5714285714285714,0.36,1.0
mean_score,Mut=Muse,Baseline,31.594851512279547,28.872106021885408,2.7227454903941393,-3.2452589919365957,8.336719111732616,0.4365079365079365,0.44,1.0
mean_score,Mut=Muse,Mut=Jev,31.594851512279547,28.121033871241753,3.473817641037794,-0.5501792870281258,7.720626450367785,0.19047619047619047,0.44,1.0
max_score,Act=Muse,Baseline,73.7835710309277,63.33395053791094,10.449620493016766,-13.016044513811238,30.103343632093505,0.3492063492063492,0.4,1.0
max_score,Act=Muse,Act=Jev,73.7835710309277,63.319034111732506,10.464536919195197,-12.380134600420773,33.26059241063884,0.373015873015873,0.4,1.0
max_score,Mut=Muse,Baseline,79.9595238095238,63.33395053791094,16.625573271612865,-9.021645021645028,36.908105096223906,0.2619047619047619,0.52,1.0
max_score,Mut=Muse,Mut=Jev,79.9595238095238,54.28350104015309,25.67602276937071,7.508310806536805,43.83792753127549,0.047619047619047616,0.68,0.7619047619047619
n_success,Act=Muse,Baseline,1.6,0.6,1.0,-0.7999999999999998,2.8,0.40476190476190477,0.36,1.0
n_success,Act=Muse,Act=Jev,1.6,1.0,0.6000000000000001,-1.4,2.4,0.6825396825396826,0.24,1.0
n_success,Mut=Muse,Baseline,0.6,0.6,0.0,-1.2000000000000002,0.8,1.0,0.28,1.0
n_success,Mut=Muse,Mut=Jev,0.6,0.0,0.6,0.2,1.0,0.16666666666666666,0.6,1.0
refusal_rate,Act=Muse,Baseline,0.5928571428571429,0.6928571428571428,-0.09999999999999998,-0.22857142857142865,0.03571428571428559,0.24603174603174602,-0.44,1.0
refusal_rate,Act=Muse,Act=Jev,0.5928571428571429,0.6499999999999999,-0.05714285714285705,-0.19285714285714295,0.05714285714285705,0.5952380952380952,-0.04,1.0
refusal_rate,Mut=Muse,Baseline,0.6142857142857143,0.6928571428571428,-0.07857142857142851,-0.23571428571428577,0.07857142857142863,0.4603174603174603,-0.32,1.0
refusal_rate,Mut=Muse,Mut=Jev,0.6142857142857143,0.7,-0.08571428571428563,-0.2216071428571429,0.04999999999999993,0.373015873015873,-0.36,1.0
