arm,seed,mean_score,max_score,n_success,refusal_rate,share_mutate
Act=Jev,1,35.89727157335721,54.19047619047619,0.0,0.5357142857142857,0.14285714285714285
Act=Jev,2,30.475463381599035,80.0,1.0,0.6071428571428571,0.17857142857142858
Act=Jev,3,30.376788310952815,53.86206896551724,0.0,0.6428571428571429,0.25
Act=Jev,4,38.58061029933499,91.32311320754717,4.0,0.5714285714285714,0.5
Act=Jev,5,22.674913355887103,37.21951219512195,0.0,0.8928571428571429,0.21428571428571427
Act=Muse,1,39.62043298892733,80.34423676012462,4.0,0.4642857142857143,0.5714285714285714
Act=Muse,2,34.32482731779037,100.0,2.0,0.6428571428571429,0.42857142857142855
Act=Muse,3,30.885869073659467,54.492537313432834,0.0,0.6428571428571429,0.14285714285714285
Act=Muse,4,31.20916684360656,80.0,2.0,0.6428571428571429,0.35714285714285715
Act=Muse,5,31.48961051242332,54.08108108108108,0.0,0.5714285714285714,0.0
Act=uniform,1,20.930823663740142,53.82304526748971,0.0,0.9285714285714286,0.39285714285714285
Act=uniform,2,30.72256075419079,54.492537313432834,0.0,0.5714285714285714,0.42857142857142855
Act=uniform,3,29.90448494042538,55.0,0.0,0.5714285714285714,0.25
Act=uniform,4,29.151306851430707,63.126865671641795,0.0,0.6428571428571429,0.21428571428571427
Act=uniform,5,26.39915149231852,54.19047619047619,0.0,0.7857142857142857,0.2857142857142857
Baseline,1,24.98712572272327,54.19047619047619,0.0,0.8214285714285714,0.14285714285714285
Baseline,2,37.955565151701975,100.0,3.0,0.5,0.21428571428571427
Baseline,3,27.355807155964666,54.19047619047619,0.0,0.6785714285714286,0.10714285714285714
Baseline,4,31.816363107143264,53.99009900990099,0.0,0.6071428571428571,0.17857142857142858
Baseline,5,22.245668971893853,54.2987012987013,0.0,0.8571428571428571,0.14285714285714285
Mut=Jev,1,24.959614825972576,54.19047619047619,0.0,0.8214285714285714,0.14285714285714285
Mut=Jev,2,28.289965396600618,54.492537313432834,0.0,0.6428571428571429,0.10714285714285714
Mut=Jev,3,29.25155059058442,54.21951219512195,0.0,0.6785714285714286,0.03571428571428571
Mut=Jev,4,32.90674013162482,54.32450331125828,0.0,0.5714285714285714,0.17857142857142858
Mut=Jev,5,25.197298411426317,54.19047619047619,0.0,0.7857142857142857,0.14285714285714285
Mut=Muse,1,28.100858128312968,90.60714285714286,1.0,0.7857142857142857,0.14285714285714285
Mut=Muse,2,38.09214862195582,54.19047619047619,0.0,0.39285714285714285,0.21428571428571427
Mut=Muse,3,28.060057651872587,55.0,0.0,0.6785714285714286,0.03571428571428571
Mut=Muse,4,33.531176587094755,100.0,1.0,0.6071428571428571,0.17857142857142858
Mut=Muse,5,30.190016572161596,100.0,1.0,0.6071428571428571,0.21428571428571427
