outcome,estimator,policy,value,ci_lo,ci_hi
score,SNIPS,static,29.10660993639296,26.591926940505545,31.848580303568294
score,SNIPS,uniform,28.162258036041493,26.2005209758395,30.137706964956294
score,SNIPS,Jev,30.031213132404588,27.473660735806973,32.624314004237846
score,SNIPS,Jev − static,0.9246031960116277,-0.15137731829631215,1.9367052530527742
score,DR,static,29.57883204497291,27.0789911113046,32.070420637976824
score,DR,uniform,28.3718263702036,26.48346551702249,30.097319864197058
score,DR,Jev,30.086262300419108,27.608955054652714,32.54773811536578
score,DR,Jev − static,0.5074302554461987,-0.5058646903669136,1.5245276586344154
refused,SNIPS,static,0.6969279108685915,0.61829032622706,0.7760237086348097
refused,SNIPS,uniform,0.7214133810678425,0.6616551581636972,0.7841439592448827
refused,SNIPS,Jev,0.6530734734152553,0.5747668940571753,0.7369279070231741
refused,SNIPS,Jev − static,-0.04385443745333617,-0.08970694696695479,0.006017982199517178
refused,DR,static,0.6816546012036586,0.6140894646169722,0.7603354232295648
refused,DR,uniform,0.7085458417330396,0.6537029957047845,0.7739351185240341
refused,DR,Jev,0.6491755957392267,0.5756430955031232,0.7321385646034102
refused,DR,Jev − static,-0.03247900546443194,-0.07700931444377591,0.015690709984168844
