policy,horizon,mean_score,ci_lo,ci_hi
uniform,5,33.30954776815149,20.557479472304944,47.326943374767204
uniform,10,33.23965651879991,23.96819364976801,43.70503272464223
uniform,20,33.19189270854006,26.53041572716578,39.857984692775624
uniform,50,33.17959141866909,28.98940621917725,37.7897464144833
uniform,100,33.26885829123603,30.13313567816154,36.4302546915167
uniform,200,33.258443142460976,31.08942857403409,35.50345911413972
Jev intended,5,31.540026080583353,20.37463690728135,46.812259460640334
Jev intended,10,31.631180286164607,22.475735362415666,40.79018837404453
Jev intended,20,31.475059650233618,24.945805974725864,38.18352719675259
Jev intended,50,31.523738479108186,27.377854191125994,35.78969276233526
Jev intended,100,31.462881596079015,28.53413000581862,34.465890344092095
Jev intended,200,31.48314905540768,29.351788080747397,33.63616510774528
UCB1,5,33.11510464153961,20.571984789050425,47.15991150748746
UCB1,10,33.357133446832755,24.08213204694861,43.56335598859341
UCB1,20,33.30602821755977,26.6000621839932,39.82643180715537
UCB1,50,33.502130039853434,29.24646545448976,37.87541358212674
UCB1,100,33.497251840526715,30.541671753169908,36.579488095619425
UCB1,200,33.568619292057384,31.369073477930538,35.777464029732826
Thompson,5,33.59688863866968,20.673221925468287,47.2803835152507
Thompson,10,33.58127684590345,23.96624279806129,43.791136459674455
Thompson,20,33.64592679832024,26.64800238193588,40.54489036728291
Thompson,50,34.31383287112751,29.771719107772217,38.94135610795686
Thompson,100,34.83349240987813,31.34885959960328,38.15867171941886
Thompson,200,35.3499109862241,32.73987197028696,37.842869349623726
best fixed (oracle),5,37.24119162868793,20.81986372482985,53.78328482877602
best fixed (oracle),10,37.46132562485356,27.21205135470553,47.43782277556687
best fixed (oracle),20,37.4536662025969,29.88517254321687,44.751420798826906
best fixed (oracle),50,37.31165537656794,32.5996993957354,41.871408271403595
best fixed (oracle),100,37.34563389466327,33.94891084671435,40.64923718739301
best fixed (oracle),200,37.3415359747877,34.88010986223776,39.73251477880403
