subset,operator,n_parents,mean_diff_vs_echo,ci_lo,ci_hi,wilcoxon_p,holm_p
all,code_exec,20,0.09534213170200659,-7.419143894829253,7.502569196550769,0.9587607499379828,1.0
all,many_shot_jailbreaking,20,-0.699043230951111,-8.991386569789341,8.27233379687333,1.0,1.0
all,synonym_mutation,20,-0.9206401494532799,-5.981553906725801,4.083120861122393,0.2329791081812148,0.9319164327248592
all,language_translation_mutation,20,-2.869341858361733,-8.54299593833639,2.7782062709669435,0.007481778161526851,0.059854225292214805
all,semantic_steganography_mutation,20,-4.648986859809409,-11.933948467699734,2.011616118276358,0.5861803873075235,1.0
all,dual_response_divider_mutation,20,-5.02454392326725,-12.368794424613354,2.272628783169145,0.13649771056887278,0.6824885528443638
all,adversarial_prefix_mutation,20,-6.671053068101097,-13.514354013600224,0.06941534202786458,0.07873081119613401,0.5511156783729381
all,artprompt,20,-8.997036007181382,-17.99754425838068,-0.7667099776160153,0.11272825580802455,0.6763695348481473
all,persona_roleplay_mutation,20,-10.136369570215084,-17.625435462249868,-2.670761144859584,0.005580902099609375,0.050228118896484375
real_attacks_only,synonym_mutation,11,4.401066975617053,-0.11803174484765566,10.487188373609852,0.91015625,1.0
real_attacks_only,code_exec,10,0.34441403072002713,-13.276486149009198,13.780583590574334,0.65234375,1.0
real_attacks_only,language_translation_mutation,20,-2.869341858361733,-8.54299593833639,2.7782062709669435,0.007481778161526851,0.052372447130687956
real_attacks_only,dual_response_divider_mutation,18,-2.920729943602916,-10.2408969361262,4.430092546308737,0.30878760631195334,1.0
real_attacks_only,semantic_steganography_mutation,8,-4.292281482470422,-12.425614479917467,-0.06970916334896621,0.078125,0.390625
real_attacks_only,artprompt,5,-9.846722240475774,-26.424679436493744,6.731234955542199,0.375,1.0
real_attacks_only,adversarial_prefix_mutation,11,-10.507042602579107,-19.312368526266496,-1.6684482043674325,0.064453125,0.38671875
real_attacks_only,persona_roleplay_mutation,16,-12.749143983096179,-20.989956309386795,-4.527028999008249,0.001312255859375,0.010498046875
