outcome,policy,value,ci_lo,ci_hi
score,oracle,32.58462971753427,29.989590127898282,35.73189510596979
score,static,29.733389542513365,27.366166189009,32.30563406792064
score,uniform,28.313267654413828,26.70781385098061,30.040299073778527
score,Jev,29.85751377018575,27.670496034356148,32.2180504665387
score,Jev − static,0.12412422767238596,-0.7016559212151628,0.9765188720054382
refused,oracle,0.5435093714812477,0.44741897470058534,0.6396017794133189
refused,static,0.6697729455667042,0.6078984465914238,0.7330010738830496
refused,uniform,0.70075333191029,0.6528200735984966,0.7519614382586883
refused,Jev,0.6564002489472927,0.5912837934496051,0.7250470889419853
refused,Jev − static,-0.01337269661941154,-0.05065511421865421,0.02497498854013809
success,oracle,0.020049283154121862,0.0,0.05692741158963581
success,static,0.01439132736906229,0.0,0.039847578593069144
success,uniform,0.00990828103380698,0.0,0.026213725232751357
success,Jev,0.012432103586118312,0.0,0.03216621634350907
success,Jev − static,-0.0019592237829439783,-0.011516182560254221,0.003901195079196927
