bucket,action,n,mean_child,ci_lo,ci_hi,refusal,success,improved
<30,explore,131,24.96132334365388,23.328210204789315,26.90807931949179,0.7938931297709924,0.0,0.5801526717557252
<30,mutate,47,22.39176135381457,21.253001421953993,24.361141106921387,0.8723404255319149,0.0,0.425531914893617
<30,similar,79,28.900762743139563,25.85438919550005,31.572099320262446,0.6582278481012658,0.0,0.6962025316455697
30–50,explore,42,27.543993579726187,24.26674152646088,31.67513869127398,0.7857142857142857,0.0,0.19047619047619047
30–50,mutate,6,28.618463390047335,23.256796648215367,33.9801301318793,0.5,0.0,0.0
30–50,similar,25,21.707064389830336,19.71979804318512,24.674797851030938,0.92,0.0,0.0
50–80,explore,22,23.858773034457318,20.062699399947626,30.63965118407365,0.8636363636363636,0.0,0.045454545454545456
50–80,mutate,46,37.45442079738079,32.09548348700346,41.925917843688715,0.43478260869565216,0.021739130434782608,0.15217391304347827
50–80,similar,62,41.119883363971766,34.97102997782552,47.28483639218457,0.3548387096774194,0.04838709677419355,0.1774193548387097
≥80,explore,3,31.26101318701697,20.111111111111107,36.8359642249699,0.6666666666666666,0.0,0.0
≥80,mutate,11,38.919678731989855,37.214115202518485,39.89428646311636,0.45454545454545453,0.09090909090909091,0.09090909090909091
≥80,similar,6,38.47388485165772,32.9031339031339,44.04463580018154,0.6666666666666666,0.16666666666666666,0.16666666666666666
