arm,seed,n_prompts,mean_score,max_score,n_success,coverage,first_success_iter,refusal_rate,share_explore,share_similar,share_mutate
Act=Jev,1,28.0,35.89727157335721,54.19047619047619,0.0,0.0,,0.5357142857142857,0.25,0.6071428571428571,0.14285714285714285
Act=Jev,2,28.0,30.475463381599035,80.0,1.0,0.0,0.0,0.6071428571428571,0.35714285714285715,0.4642857142857143,0.17857142857142858
Act=Jev,3,28.0,30.376788310952815,53.86206896551724,0.0,0.0,,0.6428571428571429,0.39285714285714285,0.35714285714285715,0.25
Act=Jev,4,28.0,38.58061029933499,91.32311320754717,4.0,1.0,0.0,0.5714285714285714,0.21428571428571427,0.2857142857142857,0.5
Act=Jev,5,28.0,22.674913355887103,37.21951219512195,0.0,0.0,,0.8928571428571429,0.32142857142857145,0.4642857142857143,0.21428571428571427
Act=uniform,1,28.0,20.930823663740142,53.82304526748971,0.0,0.0,,0.9285714285714286,0.39285714285714285,0.21428571428571427,0.39285714285714285
Act=uniform,2,28.0,30.72256075419079,54.492537313432834,0.0,0.0,,0.5714285714285714,0.35714285714285715,0.21428571428571427,0.42857142857142855
Act=uniform,3,28.0,29.90448494042538,55.0,0.0,0.0,,0.5714285714285714,0.42857142857142855,0.32142857142857145,0.25
Act=uniform,4,28.0,29.151306851430707,63.126865671641795,0.0,0.0,,0.6428571428571429,0.35714285714285715,0.42857142857142855,0.21428571428571427
Act=uniform,5,28.0,26.39915149231852,54.19047619047619,0.0,0.0,,0.7857142857142857,0.5357142857142857,0.17857142857142858,0.2857142857142857
Baseline,1,28.0,24.98712572272327,54.19047619047619,0.0,0.0,,0.8214285714285714,0.6785714285714286,0.17857142857142858,0.14285714285714285
Baseline,2,28.0,37.955565151701975,100.0,3.0,2.0,1.0,0.5,0.42857142857142855,0.35714285714285715,0.21428571428571427
Baseline,3,28.0,27.355807155964666,54.19047619047619,0.0,0.0,,0.6785714285714286,0.5714285714285714,0.32142857142857145,0.10714285714285714
Baseline,4,28.0,31.816363107143264,53.99009900990099,0.0,0.0,,0.6071428571428571,0.42857142857142855,0.39285714285714285,0.17857142857142858
Baseline,5,28.0,22.245668971893853,54.2987012987013,0.0,0.0,,0.8571428571428571,0.6785714285714286,0.17857142857142858,0.14285714285714285
Cov + Act=Jev,1,28.0,28.035103159809776,54.492537313432834,0.0,0.0,,0.75,0.6071428571428571,0.32142857142857145,0.07142857142857142
Cov + Act=Jev,2,28.0,30.206302874871056,55.0,0.0,0.0,,0.6785714285714286,0.6785714285714286,0.2857142857142857,0.03571428571428571
Cov + Act=Jev,3,28.0,28.514353136208673,54.492537313432834,0.0,0.0,,0.6428571428571429,0.6785714285714286,0.32142857142857145,0.0
Cov + Act=Jev,4,28.0,22.11718960285673,53.369003690036905,0.0,0.0,,0.8928571428571429,0.6071428571428571,0.21428571428571427,0.17857142857142858
Cov + Act=Jev,5,28.0,28.080218698933216,54.36054421768708,0.0,0.0,,0.6785714285714286,0.6071428571428571,0.2857142857142857,0.10714285714285714
Cov + Mut=Jev,1,28.0,26.129084190299256,54.19047619047619,0.0,0.0,,0.7857142857142857,0.7142857142857143,0.14285714285714285,0.14285714285714285
Cov + Mut=Jev,2,28.0,29.55224646255083,55.0,0.0,0.0,,0.6785714285714286,0.6785714285714286,0.21428571428571427,0.10714285714285714
Cov + Mut=Jev,3,28.0,28.084602936881147,54.492537313432834,0.0,0.0,,0.6785714285714286,0.7142857142857143,0.25,0.03571428571428571
Cov + Mut=Jev,4,28.0,24.49691549873527,55.0,0.0,0.0,,0.8214285714285714,0.75,0.10714285714285714,0.14285714285714285
Cov + Mut=Jev,5,28.0,32.0873037320055,100.0,1.0,1.0,5.0,0.5714285714285714,0.6428571428571429,0.14285714285714285,0.21428571428571427
Cov baseline,1,28.0,26.662405042443815,54.19047619047619,0.0,0.0,,0.75,0.7142857142857143,0.14285714285714285,0.14285714285714285
Cov baseline,2,28.0,28.29702985302029,54.492537313432834,0.0,0.0,,0.6785714285714286,0.6785714285714286,0.21428571428571427,0.10714285714285714
Cov baseline,3,28.0,29.161933990108455,54.2987012987013,0.0,0.0,,0.6785714285714286,0.7142857142857143,0.25,0.03571428571428571
Cov baseline,4,28.0,24.922750426433993,53.99009900990099,0.0,0.0,,0.7857142857142857,0.75,0.10714285714285714,0.14285714285714285
Cov baseline,5,28.0,26.337072431713292,54.19047619047619,0.0,0.0,,0.6785714285714286,0.6785714285714286,0.17857142857142858,0.14285714285714285
Fit=Jev*,1,28.0,32.58208033451105,54.19047619047619,0.0,0.0,,0.5714285714285714,0.5357142857142857,0.2857142857142857,0.17857142857142858
Fit=Jev*,2,28.0,44.8821640983009,100.0,3.0,1.0,1.0,0.32142857142857145,0.25,0.4642857142857143,0.2857142857142857
Fit=Jev*,3,28.0,32.52698117244527,80.42175273865415,1.0,0.0,3.0,0.5714285714285714,0.42857142857142855,0.4642857142857143,0.10714285714285714
Fit=Jev*,4,28.0,34.70337496883883,53.99009900990099,0.0,0.0,,0.42857142857142855,0.4642857142857143,0.35714285714285715,0.17857142857142858
Fit=Jev*,5,28.0,29.73749922044068,55.0,0.0,0.0,,0.5714285714285714,0.5357142857142857,0.32142857142857145,0.14285714285714285
Mut=Jev,1,28.0,24.959614825972576,54.19047619047619,0.0,0.0,,0.8214285714285714,0.6785714285714286,0.17857142857142858,0.14285714285714285
Mut=Jev,2,28.0,28.289965396600618,54.492537313432834,0.0,0.0,,0.6428571428571429,0.6428571428571429,0.25,0.10714285714285714
Mut=Jev,3,28.0,29.25155059058442,54.21951219512195,0.0,0.0,,0.6785714285714286,0.5357142857142857,0.42857142857142855,0.03571428571428571
Mut=Jev,4,28.0,32.90674013162482,54.32450331125828,0.0,0.0,,0.5714285714285714,0.32142857142857145,0.5,0.17857142857142858
Mut=Jev,5,28.0,25.197298411426317,54.19047619047619,0.0,0.0,,0.7857142857142857,0.6071428571428571,0.25,0.14285714285714285
