run,arm,mode,n_clusters
act-jev_mut-uniform_fit-meta_obj-score_seed1_20260927_191017,Act=Jev,coupled,7.752
act-jev_mut-uniform_fit-meta_obj-score_seed1_20260927_191017,Act=Jev,decoupled,8.042
act-jev_mut-uniform_fit-meta_obj-score_seed1_20260927_191017,Act=Jev,observed,7.0
act-jev_mut-uniform_fit-meta_obj-score_seed2_20260927_194244,Act=Jev,coupled,11.302
act-jev_mut-uniform_fit-meta_obj-score_seed2_20260927_194244,Act=Jev,decoupled,11.58
act-jev_mut-uniform_fit-meta_obj-score_seed2_20260927_194244,Act=Jev,observed,12.0
act-jev_mut-uniform_fit-meta_obj-score_seed3_20260927_210919,Act=Jev,coupled,7.944
act-jev_mut-uniform_fit-meta_obj-score_seed3_20260927_210919,Act=Jev,decoupled,9.484
act-jev_mut-uniform_fit-meta_obj-score_seed3_20260927_210919,Act=Jev,observed,7.0
act-jev_mut-uniform_fit-meta_obj-score_seed4_20260927_214330,Act=Jev,coupled,12.018
act-jev_mut-uniform_fit-meta_obj-score_seed4_20260927_214330,Act=Jev,decoupled,12.046
act-jev_mut-uniform_fit-meta_obj-score_seed4_20260927_214330,Act=Jev,observed,12.0
act-jev_mut-uniform_fit-meta_obj-score_seed5_20260927_221452,Act=Jev,coupled,7.354
act-jev_mut-uniform_fit-meta_obj-score_seed5_20260927_221452,Act=Jev,decoupled,8.248
act-jev_mut-uniform_fit-meta_obj-score_seed5_20260927_221452,Act=Jev,observed,7.0
act-static_thresholds_mut-uniform_fit-meta_obj-score_seed1_20260927_185646,Baseline,coupled,15.398
act-static_thresholds_mut-uniform_fit-meta_obj-score_seed1_20260927_185646,Baseline,decoupled,15.874
act-static_thresholds_mut-uniform_fit-meta_obj-score_seed1_20260927_185646,Baseline,observed,16.0
act-static_thresholds_mut-uniform_fit-meta_obj-score_seed2_20260927_193202,Baseline,coupled,12.096
act-static_thresholds_mut-uniform_fit-meta_obj-score_seed2_20260927_193202,Baseline,decoupled,12.2
act-static_thresholds_mut-uniform_fit-meta_obj-score_seed2_20260927_193202,Baseline,observed,12.0
act-static_thresholds_mut-uniform_fit-meta_obj-score_seed3_20260927_205803,Baseline,coupled,12.746
act-static_thresholds_mut-uniform_fit-meta_obj-score_seed3_20260927_205803,Baseline,decoupled,13.14
act-static_thresholds_mut-uniform_fit-meta_obj-score_seed3_20260927_205803,Baseline,observed,10.0
act-static_thresholds_mut-uniform_fit-meta_obj-score_seed4_20260927_213646,Baseline,coupled,11.504
act-static_thresholds_mut-uniform_fit-meta_obj-score_seed4_20260927_213646,Baseline,decoupled,11.764
act-static_thresholds_mut-uniform_fit-meta_obj-score_seed4_20260927_213646,Baseline,observed,11.0
act-static_thresholds_mut-uniform_fit-meta_obj-score_seed5_20260927_220555,Baseline,coupled,14.328
act-static_thresholds_mut-uniform_fit-meta_obj-score_seed5_20260927_220555,Baseline,decoupled,14.122
act-static_thresholds_mut-uniform_fit-meta_obj-score_seed5_20260927_220555,Baseline,observed,13.0
act-uniform_mut-uniform_fit-meta_obj-score_seed1_20260927_190115,Act=uniform,coupled,9.886
act-uniform_mut-uniform_fit-meta_obj-score_seed1_20260927_190115,Act=uniform,decoupled,11.2
act-uniform_mut-uniform_fit-meta_obj-score_seed1_20260927_190115,Act=uniform,observed,12.0
act-uniform_mut-uniform_fit-meta_obj-score_seed2_20260927_193556,Act=uniform,coupled,12.072
act-uniform_mut-uniform_fit-meta_obj-score_seed2_20260927_193556,Act=uniform,decoupled,12.496
act-uniform_mut-uniform_fit-meta_obj-score_seed2_20260927_193556,Act=uniform,observed,12.0
act-uniform_mut-uniform_fit-meta_obj-score_seed3_20260927_210231,Act=uniform,coupled,9.078
act-uniform_mut-uniform_fit-meta_obj-score_seed3_20260927_210231,Act=uniform,decoupled,12.17
act-uniform_mut-uniform_fit-meta_obj-score_seed3_20260927_210231,Act=uniform,observed,9.0
act-uniform_mut-uniform_fit-meta_obj-score_seed4_20260927_214012,Act=uniform,coupled,8.978
act-uniform_mut-uniform_fit-meta_obj-score_seed4_20260927_214012,Act=uniform,decoupled,10.622
act-uniform_mut-uniform_fit-meta_obj-score_seed4_20260927_214012,Act=uniform,observed,10.0
act-uniform_mut-uniform_fit-meta_obj-score_seed5_20260927_221029,Act=uniform,coupled,13.976
act-uniform_mut-uniform_fit-meta_obj-score_seed5_20260927_221029,Act=uniform,decoupled,15.112
act-uniform_mut-uniform_fit-meta_obj-score_seed5_20260927_221029,Act=uniform,observed,13.0
