bucket,action,n,mean_child,ci_lo,ci_hi,refusal
<30,explore,28,26.199511591923557,21.47596292697257,31.91670477535202,0.75
<30,mutate,19,23.573138885109312,21.354012966798948,29.178965203984596,0.7368421052631579
<30,similar,15,30.749628674948887,24.477820846448008,37.540670215929225,0.6
30–50,explore,10,31.066055261966774,25.147959159567783,40.60892713040961,0.7
30–50,mutate,3,25.86430320247601,20.847457627118644,28.372725990154695,0.6666666666666666
30–50,similar,8,19.015181475884155,17.383902556847737,21.854700854700855,1.0
50–80,explore,15,20.807496807150535,18.28560266965441,24.368855273125146,0.9333333333333333
50–80,mutate,13,37.020546793387794,25.139300476958947,44.235593202600285,0.38461538461538464
50–80,similar,9,38.189289118540465,20.761413078771348,50.95913677172921,0.3333333333333333
